{
  "test/f1_score_macro": [
    0.041829295103460576,
    0.9039483734877004,
    0.9383483922445903
  ],
  "test/precision_macro": [
    0.047255450942260926,
    0.9048166323576272,
    0.9387219028497398
  ],
  "test/recall_macro": [
    0.1026419941566997,
    0.9040740879897614,
    0.9382321284323426
  ],
  "test/cross_entropy_loss": [
    2.3028747129440306,
    0.3215582054108381,
    0.2043509877845645
  ],
  "val/f1_score_macro": [
    0.04128334473709726,
    0.8968273849397533,
    0.9325922795563933
  ],
  "val/precision_macro": [
    0.046259316434645335,
    0.8972527634435965,
    0.9328078805478709
  ],
  "val/recall_macro": [
    0.10183060799641049,
    0.8973413302731146,
    0.9325247976489264
  ],
  "val/cross_entropy_loss": [
    2.303872800535626,
    0.33660734853603774,
    0.22926269029784535
  ],
  "train/f1_score_macro": [
    0.041356132815310774,
    0.902805137855105,
    0.936446710153383
  ],
  "train/precision_macro": [
    0.06014612083412376,
    0.90317921441587,
    0.9365986944110695
  ],
  "train/recall_macro": [
    0.09977771037725111,
    0.9032707300917613,
    0.9365160354744757
  ],
  "train/cross_entropy_loss": [
    2.3041595615091777,
    0.3281212220500622,
    0.21325043210138878
  ]
}