{"test/f1_score_macro": [0.041829295103460576, 0.9044729282395572, 0.937884478942865, 0.9547821068422759, 0.9617790277522948, 0.9660545254974625, 0.9693030749596028, 0.9750106214216547, 0.9740838440471808, 0.9764718950758631, 0.9769380146374008, 0.9780425519952555, 0.9790225216276192, 0.9772001000247009, 0.9786266214734596, 0.9809712083946479, 0.9805050835627377, 0.9809179519895308, 0.9802178577815586, 0.9807286828208615, 0.9810910595130814], "test/precision_macro": [0.047255450942260926, 0.905329271725906, 0.9383950467250706, 0.9550796710293417, 0.9617562861389792, 0.9661339751351179, 0.9692028751437294, 0.9749353587167798, 0.9741668661864159, 0.9764905429856382, 0.9770390025853045, 0.9780210791838495, 0.9791428860728132, 0.9773678462409106, 0.9785990334691077, 0.9810070092072598, 0.9805901371979381, 0.9809574135154303, 0.9803229516218079, 0.9807546429429926, 0.981097747055579], "test/recall_macro": [0.1026419941566997, 0.9045768873536166, 0.9377206863066292, 0.9546514762388547, 0.9619931222644909, 0.9661647392000022, 0.9695128402498003, 0.9751311449077356, 0.9740458245346201, 0.9765268055185194, 0.9769332271498646, 0.9781177364202855, 0.978954814720083, 0.977106792462758, 0.9787066641228037, 0.9809535569578163, 0.9804558705442636, 0.9809682596954437, 0.9802710186684696, 0.9807449464287414, 0.9811530022888857], "test/cross_entropy_loss": [2.3028747129440306, 0.3202562230825424, 0.20479478802531959, 0.15329484747722744, 0.1243994542118162, 0.1091234004800208, 0.09521780023351312, 0.08270239071454853, 0.08539140931563452, 0.0742102715978399, 0.07227737588458695, 0.07522636105190031, 0.07219051853753626, 0.0742246528819669, 0.06955931602744386, 0.06221295002149418, 0.06582283068215475, 0.06850856547942386, 0.06906433281372301, 0.06339560073742177, 0.06373814648773987], "val/f1_score_macro": [0.04128334473709726, 0.8981465295390036, 0.9327905256601543, 0.9517038040241724, 0.9587220933060203, 0.9639166076383214, 0.9675108136117115, 0.9697648231016445, 0.9707648500521208, 0.9744160180317788, 0.9749814980532179, 0.9764307500745696, 0.9772329982040411, 0.9769013154348993, 0.9788103426098929, 0.9778425905356795, 0.9779897914777178, 0.9794726603558708, 0.9799486953539029, 0.9795141413522387, 0.9793466505423292], "val/precision_macro": [0.046259316434645335, 0.8985133055504508, 0.9330192924390092, 0.9518245740717995, 0.9586778512940235, 0.9639716621114773, 0.9674398323355818, 0.9697340263325211, 0.9710232196270849, 0.9744332434265089, 0.9751212219175283, 0.9765352360665398, 0.9772681804576682, 0.9770601990580239, 0.9787566751262708, 0.9778261844223801, 0.9780061989716072, 0.9794921610858761, 0.9799847208266289, 0.9794656955355983, 0.9794649734018298], "val/recall_macro": [0.10183060799641049, 0.8985698136779309, 0.9327460975152848, 0.951711223815306, 0.9588999428401739, 0.9640744929450872, 0.9676427056313013, 0.969855196426861, 0.9706366473223336, 0.974478901366437, 0.9749478335236607, 0.976404294960026, 0.9772259711760171, 0.9768041351118771, 0.978891175951419, 0.9778968901773981, 0.9780019978337039, 0.979486597167026, 0.9799642927572849, 0.9795887577935245, 0.979309217608542], "val/cross_entropy_loss": [2.303872800535626, 0.3345380302311646, 0.2297936085301141, 0.16969556934717628, 0.13816016023047267, 0.12463695843859265, 0.10838853329057908, 0.10359040413879686, 0.10194841854584714, 0.08846485157587772, 0.08641172187894376, 0.08337040847012152, 0.07465591890278221, 0.07971495653667565, 0.07804000597971025, 0.07356126143325431, 0.07364166807836026, 0.07488934934469095, 0.07076166634554587, 0.07308008274752259, 0.07492878470479304], "train/f1_score_macro": [0.041356132815310774, 0.903421395090467, 0.9364699818582587, 0.956536440623798, 0.964571859266041, 0.9698684051996354, 0.9714657472126049, 0.9753762025830126, 0.9770965104773923, 0.9805085498679371, 0.9803423608464245, 0.982424007377792, 0.9835536074479693, 0.9843214330340423, 0.9861863217956737, 0.9868724348809963, 0.9874370676787038, 0.9879703861204412, 0.9866838946719734, 0.988515032095512, 0.9893320525951358], "train/precision_macro": [0.06014612083412376, 0.9036954669693646, 0.9367141819950217, 0.9565530494759752, 0.9646546713370034, 0.9699408724062806, 0.9714615859251772, 0.9754174002369599, 0.9771991399295871, 0.980556453632057, 0.9804206377018989, 0.982457802193198, 0.9835361287829827, 0.984351104141313, 0.9862180487598484, 0.9869010505017928, 0.9874342477403744, 0.9880021011699537, 0.986739805217152, 0.9885214805313707, 0.9893651983002858], "train/recall_macro": [0.09977771037725111, 0.9038926853646918, 0.9365262343999505, 0.9566165343711808, 0.9646265624981479, 0.9698650288321217, 0.9714867857914496, 0.975406649945978, 0.9770542579051618, 0.9804964049850735, 0.9803416807696331, 0.9824115303386052, 0.9835925079654861, 0.9843131915030737, 0.9861799204448726, 0.9868574740942782, 0.9874470762206562, 0.9879581152880041, 0.9866952716826954, 0.9885258680040238, 0.9893219377737823], "train/cross_entropy_loss": [2.3041595615091777, 0.32638775700082384, 0.21363792612350413, 0.15374236210648504, 0.1237055756395594, 0.10441931873515603, 0.09559451877416689, 0.08314590725709596, 0.0753414421467044, 0.06623873901608889, 0.06698763433267318, 0.05634001890374791, 0.05443404652108993, 0.05162866194399872, 0.04541759768575763, 0.044091586730515005, 0.04191089842393662, 0.039808371596431934, 0.04155282068331005, 0.0362322766231955, 0.03535705089733321]}